data_coleta;hora_utc;temp_ins;temp_max;temp_min;umi_ins;umi_max;umi_min;pressao_ins;vel_vento;chuva_mm;horas_uso;vibracao_motor;proximidade_agua;declividade;qtidade_falhas
01/03/2026;0000;19,9;21,4;19,9;77;77;69;925,9;0,5;0;339;4,26;1764;13;4
01/03/2026;0100;18,7;19,9;18,7;82;82;77;926,3;1,1;0;349;0,77;1116;10;2
01/03/2026;0200;17,9;18,7;17,9;84;84;81;926,8;0,5;0;348;0,68;663;6;0
01/03/2026;0300;17,5;18;17,5;87;87;84;926,5;1,1;0;194;3,41;1993;10;3
01/03/2026;0400;17,4;17,7;17,4;87;87;86;926,2;0,6;0;131;3,92;868;3;8
01/03/2026;0500;17;17,4;17;89;89;87;925,7;0,7;0;134;2,86;703;8;5
01/03/2026;0600;16,7;17;16,7;91;91;89;925,4;0,6;0;132;3,22;1009;4;1
01/03/2026;0700;16,6;16,9;16,6;88;91;88;925,3;0,9;0;380;3,79;935;22;7
01/03/2026;0800;16,5;16,8;16,5;87;88;86;925,5;1,4;0;119;2,61;1820;16;9
01/03/2026;0900;16,2;16,5;15,9;91;91;87;925,7;0,7;0;462;1,41;359;14;5
01/03/2026;1000;17;17;16,1;86;91;86;926;1,1;0;367;0,89;121;7;1
01/03/2026;1100;18,3;18,3;17;81;86;80;926,8;0,5;0;237;1,2;960;3;3
01/03/2026;1200;19,5;20,1;18,4;72;81;71;927,1;0;0;233;0,82;1408;10;0
01/03/2026;1300;21,7;21,9;19,5;61;72;61;927,3;0;0;390;3,62;575;20;10
01/03/2026;1400;21,6;22,2;20,6;62;67;61;927,2;0;0;349;2,59;1286;15;1
01/03/2026;1500;23;24;21,3;57;63;54;926,6;0;0;416;2,01;649;1;8
01/03/2026;1600;24,2;25;22,1;52;59;50;925,8;0;0;355;4,8;1304;21;1
01/03/2026;1700;24,5;25,1;23,5;50;56;49;925,3;0;0;359;3,24;1950;3;0
01/03/2026;1800;25,2;26,1;23,9;48;52;46;924,8;0;0;346;3,4;1314;21;4
01/03/2026;1900;24,7;25,1;23,7;51;53;48;924,6;0;0;241;4,69;1002;24;6
01/03/2026;2000;24,4;25,4;24,2;49;52;48;924,4;0;0;229;2,5;1084;20;5
01/03/2026;2100;23,9;25;23,7;53;54;48;924,2;0;0;157;2,46;1944;28;9
01/03/2026;2200;21,8;23,8;21,8;66;66;53;924,5;0;0;370;4,45;1546;29;8
01/03/2026;2300;19,8;21,8;19,8;77;77;66;924,9;0;0;95;4,48;128;2;0
02/03/2026;0000;18,4;19,8;18,4;83;83;77;925,6;0;0;109;2,49;121;4;4
02/03/2026;0100;17,5;18,4;17,5;84;84;83;926,2;0;0;293;2,39;425;26;4
02/03/2026;0200;17,1;17,5;17,1;83;84;83;926,2;0;0;321;2,5;261;26;1
02/03/2026;0300;16,8;17,2;16,8;83;83;82;926,3;0;0;491;3,71;433;16;1
02/03/2026;0400;16,5;16,8;16,4;85;85;83;925,9;0,2;0;110;3,87;1785;21;7
02/03/2026;0500;15,9;16,5;15,9;88;88;85;925,4;0,7;0;379;2,27;849;12;0
02/03/2026;0600;15,7;15,9;15,6;90;90;88;924,8;0,1;0;388;3,15;1855;30;2
02/03/2026;0700;15,4;15,7;15,3;92;92;90;925;0,9;0;98;0,94;1305;16;1
02/03/2026;0800;15,7;15,7;15,4;90;92;89;924,8;0,8;0;163;0,58;960;1;7
02/03/2026;0900;15,7;15,7;15,5;88;90;88;925,3;0,9;0;71;2,51;1196;27;6
02/03/2026;1000;15,9;15,9;15,2;90;91;88;925,7;0,3;0;190;1,27;866;16;10
02/03/2026;1100;17,2;17,3;15,8;85;90;85;926,1;0,2;0;250;0,68;105;26;9
02/03/2026;1200;19,4;19,4;17,2;74;85;73;926,8;0,1;0;164;1,29;414;13;4
02/03/2026;1300;20,8;21,3;19,2;68;74;66;926,9;0;0;75;0,38;729;2;4
02/03/2026;1400;22,9;22,9;20,8;61;69;60;926,7;0;0;327;4,19;1297;4;4
02/03/2026;1500;24,4;24,6;22,1;55;64;53;926,1;0;0;70;3,46;138;11;8
02/03/2026;1600;24,9;25,4;23,6;51;58;49;925,6;0;0;59;1,13;851;0;3
02/03/2026;1700;25,6;26,3;24,5;49;52;46;924,9;0;0;422;1,4;630;2;6
02/03/2026;1800;25,9;26,9;25;48;51;45;924,6;0;0;369;3,78;1037;18;1
02/03/2026;1900;25,5;26,9;25,1;48;49;44;924,4;0;0;443;2,85;1774;3;6
02/03/2026;2000;25,9;26,5;25,2;46;48;44;924,3;0;0;287;4,09;590;20;9
02/03/2026;2100;24,6;25,9;24,6;50;50;46;924,3;0;0;82;1,25;95;5;2
02/03/2026;2200;22,4;24,6;22,4;62;62;50;924,4;0;0;228;1,38;1637;1;3
02/03/2026;2300;20,9;22,4;20,9;70;70;62;924,8;0;0;425;2,72;262;17;10
03/03/2026;0000;19,5;20,9;19,5;77;77;70;925,5;0;0;163;1,54;1250;22;4
03/03/2026;0100;18,6;19,5;18,6;80;81;77;926,2;0;0;446;4,31;1894;10;8
03/03/2026;0200;17,7;18,6;17,7;84;84;80;926,5;0;0;334;0,37;439;2;9
03/03/2026;0300;17,1;17,7;17,1;87;87;84;926,4;1;0;387;3,69;683;6;3
03/03/2026;0400;16,9;17,1;16,8;87;87;86;925,9;0,9;0;363;3,65;1526;6;3
03/03/2026;0500;16,6;16,9;16,6;88;88;86;925,5;0,7;0;313;4,57;126;9;5
03/03/2026;0600;15,8;16,6;15,8;90;90;88;925,2;1,5;0;298;3,26;215;27;4
03/03/2026;0700;15,8;15,8;15,5;92;92;90;925;1,2;0;279;2,49;1490;1;6
03/03/2026;0800;15,6;15,9;15,6;89;92;89;925,4;0,6;0;118;2,33;530;5;9
03/03/2026;0900;15,4;15,6;15,3;91;91;89;925,5;0,5;0;315;0,8;557;29;1
03/03/2026;1000;15,9;15,9;15,3;88;91;88;926,1;1,2;0;104;1,31;379;14;10
03/03/2026;1100;16,7;16,8;15,9;86;88;86;926,8;0,4;0;74;3,37;1148;19;9
03/03/2026;1200;18,5;18,6;16,7;79;87;78;927,3;0,6;0;486;1,75;517;12;0
03/03/2026;1300;20,5;20,5;18,3;69;79;68;927,5;0,5;0;280;4,77;1088;24;8
03/03/2026;1400;22,6;23;20,1;60;70;59;927,3;0,8;0;365;0,39;165;23;1
03/03/2026;1500;25;25;22,4;53;63;50;926,8;0,9;0;90;3,49;1374;11;5
03/03/2026;1600;26,3;26,4;24,2;40;53;38;926,3;1,2;0;376;4,8;1756;27;10
03/03/2026;1700;26,1;27;25,3;43;45;39;925,6;0,9;0;233;1,16;810;22;6
03/03/2026;1800;27,1;28,3;26,1;39;44;36;925;0,9;0;496;3,3;904;20;0
03/03/2026;1900;27,8;28;26,8;38;41;37;924,7;0,9;0;287;3,59;172;20;0
03/03/2026;2000;27,4;27,8;27;39;40;37;924,5;0,7;0;56;4,35;1791;10;7
03/03/2026;2100;26,3;27,4;26,2;44;44;38;924,5;0,3;0;78;4,71;838;2;8
03/03/2026;2200;24,1;26,3;24,1;52;52;43;924,6;1;0;279;2,36;1683;3;3
03/03/2026;2300;22,4;24,1;22,4;60;60;52;925,2;1;0;195;3,79;1024;26;7
04/03/2026;0000;21,3;22,4;21,3;63;63;60;925,9;0,8;0;73;4,75;1431;6;1
04/03/2026;0100;20,5;21,3;20,5;69;69;63;927;0,3;0;485;4,31;1334;15;7
04/03/2026;0200;19,4;20,5;19,4;76;76;69;927,4;0,9;0;231;2,23;1099;3;0
04/03/2026;0300;18,8;19,4;18,8;81;81;76;927,2;0,4;0;76;0,43;873;2;7
04/03/2026;0400;18,5;18,9;18,4;84;84;77;927,4;0;0;478;4,08;272;5;8
04/03/2026;0500;17,6;18,5;17,6;88;88;84;926,9;1,2;0;231;3,15;234;23;4
04/03/2026;0600;17,1;17,6;17;91;91;88;926,3;0,9;0;415;3,23;1914;6;10
04/03/2026;0700;17,1;17,2;17;88;91;88;925,7;0,7;0;120;0,45;1958;29;9
04/03/2026;0800;17,2;17,2;16,9;83;88;83;925,8;1,1;0;309;3,79;1082;29;10
04/03/2026;0900;16,7;17,2;16,7;85;85;82;925,7;0,7;0;276;3,65;1307;23;8
04/03/2026;1000;16,8;17,1;16,6;86;86;83;926,5;1,5;0;457;1,42;944;18;3
04/03/2026;1100;18,4;18,8;16,8;81;86;76;927,2;2;0;395;0,39;676;3;4
04/03/2026;1200;20,9;21;18,4;62;81;62;927,6;0,7;0;264;4,33;838;17;0
04/03/2026;1300;22,8;22,8;20,6;57;63;56;928,1;0,7;0;75;4,68;1337;26;7
04/03/2026;1400;24,1;24,1;22,7;55;58;51;927,9;1,1;0;169;1,36;1493;15;3
04/03/2026;1500;24,6;25,9;23,9;48;55;41;927,3;0,5;0;59;1,05;1555;27;4
04/03/2026;1600;26,7;27;24,6;42;50;41;926,6;1;0;104;2,52;1960;30;2
04/03/2026;1700;28,4;28,4;26,2;34;44;34;925,8;1,5;0;289;2,94;196;13;8
04/03/2026;1800;28,8;29,6;27,7;33;37;32;925,4;1,2;0;377;0,22;648;7;6
04/03/2026;1900;28,8;29,7;28,1;35;37;32;925,2;1;0;434;3,83;1741;27;0
04/03/2026;2000;28,8;29,3;28,2;37;38;34;925;1;0;179;3,41;332;11;5
04/03/2026;2100;27,4;28,8;27,4;40;42;37;925;0,9;0;248;2,81;580;0;4
04/03/2026;2200;25,5;27,4;25,5;44;44;39;925;0,8;0;189;1,61;621;0;3
04/03/2026;2300;23,7;25,5;23,7;51;51;44;925,2;0,5;0;493;0,59;312;30;8
05/03/2026;0000;22,5;23,7;22,5;59;59;51;925,8;0,5;0;77;1,33;885;23;3
05/03/2026;0100;22;22,4;22;59;61;58;926,5;0,9;0;244;2,41;1510;0;1
05/03/2026;0200;21,2;22;21,2;63;63;59;926,9;1,3;0;433;0,28;1266;0;1
05/03/2026;0300;20,1;21,2;20;71;71;63;927,5;1,1;0;474;2,1;1886;5;4
05/03/2026;0400;19,3;20,1;19,3;78;78;71;927,6;1,1;0;340;2,23;1424;8;3
05/03/2026;0500;18,7;19,4;18,7;81;81;78;927,2;1,4;0;213;0,51;768;14;7
05/03/2026;0600;18;18,7;18;84;84;81;926,7;1,3;0;140;4,84;1668;17;1
05/03/2026;0700;17;18;16,5;93;93;84;926,9;1,6;0;323;4,88;1008;7;2
05/03/2026;0800;16,9;17,2;16,9;91;93;91;926,7;0;0;163;3,98;152;15;5
05/03/2026;0900;16;16,9;16;92;92;91;926,8;0,4;0;449;3,63;1614;8;6
05/03/2026;1000;16,7;16,7;15,9;90;92;90;927,3;0,5;0;165;1,64;859;30;10
05/03/2026;1100;18;18,1;16,7;85;90;85;927,9;0,7;0;460;3,56;145;9;9
05/03/2026;1200;19,7;20,2;17,8;77;85;76;928,1;0,6;0;72;4,51;311;6;7
05/03/2026;1300;22,8;23,4;19,7;64;78;63;928,3;0,7;0;257;2,38;1120;6;5
05/03/2026;1400;25,6;25,6;22,4;54;65;54;927,9;1,5;0;492;1,57;1788;1;2
05/03/2026;1500;26,9;27,7;24,7;39;55;37;927,5;1,1;0;333;1,07;422;7;5
05/03/2026;1600;29,4;29,5;26,8;31;42;27;926,9;0,8;0;396;2,01;1403;14;2
05/03/2026;1700;29;30;28,6;32;34;25;926,3;1;0;99;1,96;387;9;1
05/03/2026;1800;30,7;31,4;29;29;32;27;926;1,3;0;127;0,57;1803;9;4
05/03/2026;1900;29,4;30,9;29,4;27;30;26;925,5;1,4;0;192;1,53;1072;5;4
05/03/2026;2000;29,3;29,9;29,2;27;28;26;925;2,8;0;138;2,36;1823;0;0
05/03/2026;2100;28,3;29,4;28,3;32;32;27;924,7;1,1;0;142;2,06;1690;28;4
05/03/2026;2200;26,8;28,4;26,8;32;32;28;924,9;1,2;0;56;0,89;1223;0;4
05/03/2026;2300;24,3;26,9;24,3;64;64;32;925,6;0,5;0;131;3,21;273;23;2
06/03/2026;0000;22,6;24,3;22,6;75;75;64;926,5;0,4;0;474;3,04;1739;25;9
06/03/2026;0100;21,2;22,6;21,2;81;81;76;927,6;0,6;0;245;0,53;639;1;6
06/03/2026;0200;20,2;21,2;20,2;87;87;81;927,9;1,1;0;74;2,34;1457;13;6
06/03/2026;0300;20,4;20,4;20,2;85;87;85;928,1;0,4;0;149;1,59;984;17;9
06/03/2026;0400;20;20,4;20;87;87;85;927,5;0,9;0;321;2,91;1827;25;10
06/03/2026;0500;19,5;20;19,4;90;90;87;927,4;0,5;0;101;3,47;911;18;7
06/03/2026;0600;19,1;19,5;19,1;91;91;90;926,6;0,7;0;338;3,54;874;4;0
06/03/2026;0700;18,9;19,2;18,9;91;91;91;926,5;0;0;344;2,46;554;28;3
06/03/2026;0800;18,7;18,9;18,7;91;91;90;926,6;0,9;0;169;1,63;1222;9;9
06/03/2026;0900;18,7;18,9;18,7;90;91;90;927,2;1;0;97;2,2;1251;6;9
06/03/2026;1000;19,1;19,1;18,6;89;90;89;927,5;0,7;0;139;3,59;1697;22;1
06/03/2026;1100;20,7;20,7;19,1;84;89;84;928;1,1;0;442;3,17;432;2;3
06/03/2026;1200;24,6;24,6;20,7;70;84;70;928,1;1,2;0;386;4,19;1315;4;10
06/03/2026;1300;26,1;26,4;24,3;65;71;64;928,4;1,9;0;243;0,87;754;25;2
06/03/2026;1400;27,7;27,8;26;60;66;60;928,1;0,3;0;488;4,02;611;9;9
06/03/2026;1500;27,7;28,9;27,3;60;61;57;927,7;0,9;0;255;2,41;516;23;3
06/03/2026;1600;30,1;30,4;27,8;52;61;51;926,8;1,4;0;285;3,87;821;2;10
06/03/2026;1700;29,2;30,9;28,3;55;57;50;925,8;2,3;0;314;4,53;1369;4;9
06/03/2026;1800;28,8;30,4;28,8;56;58;52;925,2;2,4;0;276;0,93;1291;12;8
06/03/2026;1900;30,4;30,4;28,6;50;57;49;924,2;2,6;0;250;2,87;1049;6;5
06/03/2026;2000;29,9;30,4;29;50;55;48;923,9;1,7;0;151;0,3;436;22;5
06/03/2026;2100;28,7;30,1;28,7;53;53;49;923,6;0,4;0;371;2,85;1044;7;2
06/03/2026;2200;27;28,7;27;63;64;53;924;1,2;0;77;2,29;500;3;2
06/03/2026;2300;23,7;27;23,7;76;76;62;925,1;0,4;0;310;0,91;1408;17;2
07/03/2026;0000;22,3;23,7;22,2;86;86;76;925,8;0,8;0;229;4,39;889;11;1
07/03/2026;0100;22,1;22,3;22;87;87;86;926,1;1,3;0;327;0,34;997;19;5
07/03/2026;0200;22;22,2;22;87;87;87;926,7;1,2;0;343;2,7;1006;10;5
07/03/2026;0300;21,7;22;21,7;88;88;87;926,6;0,7;0;268;1,16;979;8;0
07/03/2026;0400;21,5;21,8;21,5;89;89;87;926,4;0,8;0;60;3,26;241;0;3
07/03/2026;0500;21,4;21,5;21,4;89;89;89;926;1,3;0;148;2,08;1898;29;6
07/03/2026;0600;21,2;21,4;21,2;90;90;89;925,7;1,1;0;271;0,23;511;29;0
07/03/2026;0700;20,8;21,2;20,8;91;91;90;925,4;1;0;142;3,76;1109;24;6
07/03/2026;0800;20,5;20,9;20,5;91;91;91;925,7;0,2;0;93;2,57;827;6;5
07/03/2026;0900;20,3;20,6;20,3;92;92;91;925,9;0;0;244;0,9;1562;30;5
07/03/2026;1000;20,3;20,5;20;93;93;92;926,5;0;0;420;2;740;7;1
07/03/2026;1100;23,6;23,6;20,3;80;93;80;926,3;1;0;199;3,79;852;0;8
07/03/2026;1200;25,5;25,5;23,3;74;81;73;926,6;1,9;0;269;0,28;1032;8;9
07/03/2026;1300;26,8;27,4;25,5;64;74;64;926,9;2,4;0;353;0,57;1546;22;9
07/03/2026;1400;27,3;28;26,2;65;67;61;926,5;3;0;226;2,13;1880;5;1
07/03/2026;1500;28,7;29,2;27,4;61;65;57;925,6;2,6;0;73;0,96;1520;25;5
07/03/2026;1600;28,9;29,5;28;58;62;56;925,2;2,9;0;356;4;710;19;3
07/03/2026;1700;29,1;30,1;27,5;57;64;54;924,3;2,9;0;90;2,95;1341;30;8
07/03/2026;1800;28,8;30,4;28;56;59;53;923,9;3,4;0;108;2,98;400;18;6
07/03/2026;1900;29,2;30,3;28;53;59;51;923,6;3,1;0;80;3,98;1336;4;6
07/03/2026;2000;25;29,4;25;72;72;53;923,4;0,2;0;237;2,48;1445;27;0
07/03/2026;2100;23;25,3;23;81;81;68;923,2;1,6;0;167;2,1;900;0;7
07/03/2026;2200;24,2;24,2;23;78;82;78;923,7;0;0;109;4,03;1281;24;3
07/03/2026;2300;24,5;24,8;24,2;76;78;74;924;0;0;403;2,13;1925;16;3
08/03/2026;0000;23,8;24,5;23,7;79;79;76;925,1;0;0;373;4;1236;29;9
08/03/2026;0100;23,3;24;23,3;79;79;78;924,9;0,1;0;174;2,72;591;8;3
08/03/2026;0200;22,3;23,3;22,3;81;81;79;925;0,2;0;359;2,75;1704;13;0
08/03/2026;0300;21,5;22,3;21,5;83;83;81;925,4;0,1;0;165;3,42;665;17;4
08/03/2026;0400;20,8;21,7;20,8;86;86;82;925,4;1,5;0;451;0,88;1156;28;1
08/03/2026;0500;19,6;20,8;19,6;91;91;86;924,9;1,2;0;151;2,91;1431;23;5
08/03/2026;0600;19,1;19,7;19,1;93;93;91;924,4;0,5;0;75;2,09;574;30;0
08/03/2026;0700;19,4;19,5;19;92;93;92;924,1;1,1;0;319;4,66;701;0;2
08/03/2026;0800;19,3;19,5;19,3;90;92;90;924,5;0,4;0;104;0,43;1713;2;10
08/03/2026;0900;19,4;19,5;19,3;88;91;88;925;0,4;0;307;2,23;946;19;4
08/03/2026;1000;20,5;20,5;19,4;85;88;85;925,6;0,9;0;190;4,82;251;15;3
08/03/2026;1100;23,3;23,3;20,5;71;85;71;926,6;1,3;0;385;0,4;1001;25;0
08/03/2026;1200;24,3;25,3;23,1;68;71;63;927;0,4;0;100;1,69;957;11;6
08/03/2026;1300;26,5;26,5;24,3;65;69;61;927,2;1,1;0;84;0,57;225;12;7
08/03/2026;1400;28,3;28,5;26,6;55;65;52;926,9;1,8;0;383;2,91;1548;11;0
08/03/2026;1500;28,2;28,9;27,3;52;57;51;926,2;1,6;0;146;4,39;787;13;5
08/03/2026;1600;29,9;31,2;28,2;47;54;44;925,3;1;0;367;0,62;1874;2;6
08/03/2026;1700;29,5;31,2;28,6;49;52;44;924,9;1,1;0;278;3,04;665;0;8
08/03/2026;1800;31,6;31,9;29,1;41;50;41;924;1,2;0;76;4,35;395;23;4
08/03/2026;1900;31,8;32;30,1;38;43;37;923;1,3;0;320;3,27;217;29;9
08/03/2026;2000;30,1;31,8;29,9;45;46;36;922,8;1,4;0;423;3,17;1488;10;10
08/03/2026;2100;28,9;30,1;28,9;52;52;45;923,2;0,2;0;441;4,97;1441;15;0
08/03/2026;2200;26,1;28,9;26,1;71;71;52;924,1;0,2;0;487;0,49;909;5;1
08/03/2026;2300;23;26,1;23;80;80;71;924,9;0;0;173;3,02;1075;9;8
09/03/2026;0000;21,5;23;21,5;83;83;80;926;0;0;415;3,75;539;20;10
09/03/2026;0100;21,3;21,5;21,2;83;83;83;926,5;0;0;385;1,86;1612;28;6
09/03/2026;0200;21,3;21,3;21,2;83;83;83;927,5;0;0;465;0,83;1861;4;9
09/03/2026;0300;21,2;21,4;21,2;83;84;82;927,6;0;0;93;2,13;88;20;0
09/03/2026;0400;21,1;21,2;21;84;85;83;927,2;0;0;348;0,9;1165;28;0
09/03/2026;0500;20,7;21,2;20,7;88;88;84;926,8;0;0;225;2,81;709;25;7
09/03/2026;0600;20,2;20,7;20,1;90;90;88;926,8;0;0;97;4,72;1084;11;4
09/03/2026;0700;19,7;20,2;19,7;89;90;88;926,9;0;0;484;0,69;783;28;6
09/03/2026;0800;19,2;19,7;19,2;92;92;89;927,2;0;0;389;3,15;499;16;0
09/03/2026;0900;18,9;19,2;18,9;93;93;92;928;0;0,2;62;1,93;1217;25;3
09/03/2026;1000;19,1;19,1;18,8;93;93;93;928,9;0;1,8;79;0,89;1888;2;9
09/03/2026;1100;19,5;19,5;19;93;93;92;929,2;0,1;0,8;300;2,21;1276;28;3
09/03/2026;1200;20;20,2;19,5;90;92;90;929,8;0,5;0,2;312;2,52;399;8;8
09/03/2026;1300;20,1;20,1;19,9;90;90;90;930,1;0,4;0,4;490;2,57;133;23;8
09/03/2026;1400;21,6;21,7;20,1;86;90;85;929,9;0,8;0,2;348;1,35;1254;21;4
09/03/2026;1500;21,2;21,9;21,1;84;86;82;929,7;1,2;0,2;52;1,29;678;4;7
09/03/2026;1600;21,8;21,8;20,5;88;90;84;929,1;1,1;2,6;450;4,8;1960;24;0
09/03/2026;1700;20,9;21,8;20,8;88;89;84;928,3;0,5;1;399;0,39;1426;1;0
09/03/2026;1800;20,1;20,9;20,1;88;89;87;928;0,7;2;107;3,63;1643;17;9
09/03/2026;1900;19,9;20,2;19,8;89;89;88;927,4;0,4;2,2;388;1,33;176;29;7
09/03/2026;2000;20;20,1;19,8;92;92;89;927,3;0,2;2,4;154;0,39;1558;0;9
09/03/2026;2100;19,4;20,1;19,3;94;94;91;927,4;0,3;4,8;203;1,96;1100;10;0
09/03/2026;2200;19,6;19,8;19,4;93;94;93;927,4;0,1;0,2;313;1,42;1169;17;9
09/03/2026;2300;19,2;19,6;19,2;92;93;92;927,5;0,1;0,2;438;3,58;244;25;9
10/03/2026;0000;19,7;19,8;19,2;91;92;91;928;0,1;0;67;2,97;203;27;8
10/03/2026;0100;19,6;19,8;19,6;87;91;87;928,6;0,1;0;107;0,74;1945;7;1
10/03/2026;0200;19,9;19,9;19,6;91;91;87;929;0;0;163;2,25;1173;22;10
10/03/2026;0300;19,7;19,9;19,7;93;93;91;929;0,1;0,4;321;4,44;1075;17;5
10/03/2026;0400;19,6;19,8;19,6;92;93;92;928,5;0;0,2;399;0,92;606;6;2
10/03/2026;0500;19;19,7;19;92;92;91;928;0;0;234;2,61;1300;17;4
10/03/2026;0600;18,8;19;18,8;92;92;92;927,9;0;0;487;4,61;570;27;3
10/03/2026;0700;18,5;18,8;18,4;94;94;92;927,7;0;0,4;285;3,12;1827;26;2
10/03/2026;0800;18,4;18,5;18,4;94;94;94;927,9;0;0,2;308;1,83;227;4;10
10/03/2026;0900;18,3;18,4;18,3;94;94;94;928,3;0;0,2;467;0,34;1875;12;7
10/03/2026;1000;18,4;18,5;18,3;94;94;94;928,5;0;0;154;1,9;1707;23;1
10/03/2026;1100;19;19;18,4;93;94;93;929,4;0,3;0;187;3,67;1682;28;8
10/03/2026;1200;19,4;19,5;18,9;92;93;92;930;0;0,4;201;4,07;1768;7;8
10/03/2026;1300;20,2;20,2;19,4;91;92;91;929,8;0,1;0,2;145;2,47;466;14;8
10/03/2026;1400;20,7;20,8;20;91;92;90;929,7;0;0,4;385;0,48;238;4;7
10/03/2026;1500;22;22,1;20,7;85;91;85;929,2;0;0;329;3,09;353;0;5
10/03/2026;1600;23;23,6;22;79;86;78;928,5;0,4;0;51;4,01;621;24;2
10/03/2026;1700;22,4;23,3;22,4;81;81;78;928,1;0;0,2;337;2,78;1439;3;4
10/03/2026;1800;21,2;22,4;21,2;92;92;82;927,8;0;1,2;136;1,63;1215;15;3
10/03/2026;1900;21,3;21,5;21,1;92;93;92;927,3;0;2,8;361;0,64;1819;5;9
10/03/2026;2000;20,9;21,5;20,9;92;93;92;927,1;0;0,4;432;2,32;1363;19;3
10/03/2026;2100;20,6;21;20,6;93;93;92;927,1;0,1;1,2;461;1,08;604;0;0
10/03/2026;2200;20;20,6;19,9;94;94;93;927,3;0;3,6;453;1,88;1875;27;5
10/03/2026;2300;19,4;20;19,4;95;95;94;927,6;0;4,4;204;1,35;1758;9;8
11/03/2026;0000;19,1;19,4;19,1;95;95;95;928,2;1,2;2,4;198;3,85;979;17;8
11/03/2026;0100;19,2;19,2;19,1;94;95;94;928,5;1,1;0,4;349;1,27;357;13;8
11/03/2026;0200;19,1;19,2;19,1;94;94;94;928,5;0,4;0;361;3,04;848;25;10
11/03/2026;0300;18,9;19,2;18,9;94;95;94;928,3;0,4;0;277;1,4;1695;0;5
11/03/2026;0400;18,7;18,9;18,7;94;94;94;927,6;0,5;0;433;1,71;1898;27;4
11/03/2026;0500;18,2;18,7;18,2;95;95;94;927,5;0,8;0;276;2,73;1584;22;4
11/03/2026;0600;18,3;18,3;18,2;95;95;95;926,9;0,2;0,2;422;2,13;743;21;4
11/03/2026;0700;18,2;18,4;18,2;95;95;95;926,8;0,5;0;361;2,81;914;30;9
11/03/2026;0800;18,3;18,3;18,2;95;95;95;926,8;0,8;0;445;4,84;435;30;7
11/03/2026;0900;18,4;18,4;18,3;95;95;95;926,9;0,7;0;349;1,34;813;20;5
11/03/2026;1000;18,6;18,7;18,4;95;95;95;927,4;1,1;0;369;3,79;1056;26;8
11/03/2026;1100;19,1;19,1;18,6;94;95;94;928;1,2;0;471;1,87;1220;21;0
11/03/2026;1200;19,9;19,9;19,1;91;93;91;928,2;1;0;400;1,36;1926;28;0
11/03/2026;1300;19,9;19,9;19,6;91;91;90;928,4;0;0;93;2,42;1192;12;2
11/03/2026;1400;20,4;20,4;19,7;92;93;91;928,3;0,9;1,2;388;2,89;757;14;7
11/03/2026;1500;22,3;22,4;20,3;84;92;84;927,8;0,9;0;240;1,31;1001;2;9
11/03/2026;1600;22,1;22,4;21,7;86;87;83;927,1;0,5;0;129;2,36;1914;14;9
11/03/2026;1700;21,2;22,2;21;92;92;85;926,3;0;0,4;459;4,38;1620;16;4
11/03/2026;1800;20,9;21,5;20,8;93;93;91;925,4;0,3;1;309;0,86;457;20;4
11/03/2026;1900;20,8;21;20,7;94;94;93;924,8;0,8;2,2;254;1,98;194;2;9
11/03/2026;2000;21,1;21,2;20,7;93;94;93;924,4;0,6;0,4;246;2,05;797;2;2
11/03/2026;2100;21,2;21,4;21,1;91;93;91;924,4;0,2;0;343;0,33;819;8;10
11/03/2026;2200;21;21,2;20,9;91;91;91;925;0;0;231;4,61;1146;7;0
11/03/2026;2300;20,5;21;20,5;92;92;91;925,5;0;0;133;4,44;1169;12;2
12/03/2026;0000;20,4;20,6;20,4;93;93;92;926,1;0;0;224;0,71;1227;16;1
12/03/2026;0100;20,3;20,5;20,3;93;93;93;926,4;0;0,2;293;1,05;322;14;10
12/03/2026;0200;20;20,4;20;94;94;93;926,2;0,1;0,6;235;1,34;1930;10;5
12/03/2026;0300;20,1;20,1;20;94;94;94;926,1;0,2;0,2;367;1,74;979;1;2
12/03/2026;0400;20,1;20,2;20,1;94;94;94;925,7;0;0,2;489;0,34;563;8;10
12/03/2026;0500;19,8;20,1;19,8;94;94;94;925;0;0,4;311;0,22;954;10;1
12/03/2026;0600;19,7;19,8;19,7;94;94;94;924,7;0;0,6;426;3,58;1487;10;1
12/03/2026;0700;19,7;19,7;19,6;95;95;94;924,5;0;0;468;2,94;1849;13;7
12/03/2026;0800;19,7;19,7;19,6;95;95;95;924,7;0;0,8;106;2,29;1284;20;4
12/03/2026;0900;19,8;19,8;19,7;95;95;95;925;0;2;162;0,92;217;18;8
12/03/2026;1000;19,4;19,8;19,4;96;96;95;925,1;0;15,2;357;3,62;773;1;8
12/03/2026;1100;19,6;19,6;19,4;95;96;95;925,4;0,7;2,4;430;3,11;1881;1;1
12/03/2026;1200;19,9;19,9;19,6;95;95;95;925,5;0;1;342;1,51;233;19;1
12/03/2026;1300;20,2;20,2;19,8;95;95;95;925,5;0,3;1;171;0,52;1084;5;8
12/03/2026;1400;21;21;20,1;91;95;91;925,5;2,8;0;365;2,64;554;4;1
12/03/2026;1500;20,8;21;20,3;89;92;89;925,2;2;0;119;1,62;1587;12;3
12/03/2026;1600;22,3;22,4;20,5;86;91;86;924,4;2,7;0;405;2,69;904;17;8
12/03/2026;1700;22,3;22,8;22;84;86;82;923,4;2,5;0;271;4,51;1034;27;0
12/03/2026;1800;24,3;24,3;21,9;80;88;80;922,4;2;0;100;4,93;1118;19;10
12/03/2026;1900;23,7;24,5;23,1;78;82;76;921,8;2,3;0;447;4,38;1968;4;9
12/03/2026;2000;24,1;24,2;23,7;76;80;76;921,8;1,7;0;104;4,42;956;2;5
12/03/2026;2100;20,3;24,5;20,3;90;90;74;922,4;3;0,4;210;0,43;1204;8;1
12/03/2026;2200;19,5;20,3;19,5;94;94;90;923,2;0,4;2,4;52;1,16;870;12;6
12/03/2026;2300;19,1;19,5;19,1;91;94;90;923,8;1,7;0,4;451;3,9;1687;15;1
13/03/2026;0000;18,9;19,1;18,7;88;91;88;924,4;0,9;0;290;4,67;1010;23;7
13/03/2026;0100;18,8;18,9;18,7;84;88;84;924,7;0,9;0,2;313;4,71;622;19;1
13/03/2026;0200;18,6;18,8;18,6;87;87;84;924,8;0;0;167;4,14;520;12;10
13/03/2026;0300;18,3;18,6;18,3;89;89;87;924,5;0,6;0;98;2,26;362;2;1
13/03/2026;0400;17,9;18,3;17,9;92;92;89;924,2;0;0;294;1,75;1565;11;5
13/03/2026;0500;17,7;17,9;17,7;93;93;92;923,4;0,7;0;51;4,18;645;1;6
13/03/2026;0600;17,8;17,9;17,7;93;94;93;923,2;1,5;0;493;4,73;675;22;3
13/03/2026;0700;17,7;17,9;17,7;93;94;93;922,9;0;0;401;3,51;746;1;8
13/03/2026;0800;17,8;17,8;17,6;93;94;93;923,2;0,1;0;446;2,09;126;6;2
13/03/2026;0900;17,7;17,8;17,6;93;93;93;923,6;0;0;349;2,67;992;25;5
13/03/2026;1000;18,2;18,2;17,7;92;93;92;924,1;0,3;0;443;2,19;1897;28;7
13/03/2026;1100;19;19,1;18,1;90;93;90;924,6;1;0;334;1,25;1116;0;3
13/03/2026;1200;20,8;21,2;18,8;79;90;77;925;1;0;500;1,3;591;16;10
13/03/2026;1300;22,5;23,4;20,8;71;79;68;925;1,7;0;397;3,22;119;25;0
13/03/2026;1400;23,8;25,3;22,4;67;74;65;925,2;1,9;0;82;2,06;1553;12;5
13/03/2026;1500;23,9;24,9;23,5;68;70;65;925;1,9;0;347;2,98;736;15;3
13/03/2026;1600;26,8;26,8;23,9;63;70;60;924,3;1,8;0;407;0,24;887;27;4
13/03/2026;1700;25,2;26,8;24,3;61;65;58;923,9;1,9;0;294;1,78;1578;4;0
13/03/2026;1800;26,4;27,6;25,1;57;61;55;923,2;2,1;0;223;4,49;1818;17;5
13/03/2026;1900;26,5;28,3;26,1;54;58;51;922,8;2,8;0;336;1,48;1610;22;6
13/03/2026;2000;25,7;27;25,6;59;59;55;922,6;1,8;0;279;2,34;731;24;1
13/03/2026;2100;25,4;26;25,3;59;60;58;922,7;1,9;0;426;1,59;1608;28;2
13/03/2026;2200;24,1;25,4;24,1;66;66;59;923,1;0,9;0;123;2,4;722;22;10
13/03/2026;2300;22,8;24,1;22,8;73;73;66;923,5;1,2;0;479;3,85;1761;18;10
14/03/2026;0000;22,1;22,8;22,1;75;75;73;924,4;1,1;0;435;1,84;217;15;4
14/03/2026;0100;21,4;22,1;21,4;77;77;75;924,6;1,9;0;134;4,45;1414;21;1
14/03/2026;0200;20,9;21,4;20,9;78;78;77;924,7;2,3;0;404;0,53;891;28;9
14/03/2026;0300;20,5;20,9;20,5;79;79;78;924,7;1,4;0;449;0,66;1183;10;1
14/03/2026;0400;19,9;20,5;19,9;83;83;79;924,6;0,5;0;82;1,95;415;16;4
14/03/2026;0500;19,3;19,9;19,3;86;86;83;924,1;0,3;0;137;3,03;209;22;1
14/03/2026;0600;19;19,3;18,9;89;89;86;923,8;0,1;0;291;4,22;1724;15;10
14/03/2026;0700;18,4;19;18,4;90;90;88;923,8;0;0;245;3,05;1956;0;0
14/03/2026;0800;18,2;18,4;18,1;91;91;90;924;0;0;453;2,75;1983;11;4
14/03/2026;0900;18,1;18,3;18,1;91;91;90;924,3;0;0;204;3,19;1967;4;3
14/03/2026;1000;19,2;19,2;18;88;91;88;924,8;0,8;0;440;1,72;1519;0;4
14/03/2026;1100;22;22;19,2;76;88;75;925,3;1,3;0;231;1,73;1433;4;9
14/03/2026;1200;24,2;24,3;22;67;77;67;925,8;0,1;0;275;1,97;379;23;5
14/03/2026;1300;24,4;25;23,8;66;71;66;925,8;1,3;0;411;1,76;595;5;0
14/03/2026;1400;26,4;26,8;24,3;58;68;55;925,5;1,6;0;152;3,22;1169;1;8
14/03/2026;1500;28;28,3;26;50;58;47;925,3;0,9;0;343;0,46;1669;13;9
14/03/2026;1600;27,1;28,3;26,6;52;54;48;924,9;0,9;0;78;2,47;1686;17;7
14/03/2026;1700;27,2;27,9;26,8;54;56;51;924,2;2,3;0;200;0,92;712;1;1
14/03/2026;1800;29,8;29,8;27,2;48;54;45;923,5;2,7;0;494;1,81;1969;25;10
14/03/2026;1900;28,9;29,8;27,6;46;49;43;922,8;1,4;0;278;2,92;529;4;0
14/03/2026;2000;28,9;29,4;28,4;40;47;40;922,5;2,1;0;122;4,96;1313;7;10
14/03/2026;2100;27,8;29;27,8;43;44;38;922,4;1,2;0;276;0,69;1660;27;8
14/03/2026;2200;24,3;27,9;24,3;59;59;43;922,7;0,2;0;232;0,32;475;7;4
14/03/2026;2300;22,7;24,3;22,7;69;69;59;923,4;1;0;213;2,31;721;11;2
15/03/2026;0000;22,3;23;22;74;74;68;924,4;0,4;0;227;1,4;1499;5;5
15/03/2026;0100;21,9;22,3;21,1;79;80;74;924,9;0,5;0;405;2,13;853;9;5
15/03/2026;0200;21,7;22,3;21,7;76;79;74;924,8;0;0;247;2,87;524;3;6
15/03/2026;0300;20,7;21,7;20,6;82;82;76;924,8;0;0;267;0,82;718;20;3
15/03/2026;0400;20;20,7;19,8;85;85;82;924,6;0;0;422;3,66;1427;18;3
15/03/2026;0500;19,8;20,1;19,4;85;87;84;924;0;0;205;4,28;283;17;4
15/03/2026;0600;19,3;19,9;19,2;85;87;85;923,6;0;0;111;2,27;972;24;1
15/03/2026;0700;19,1;19,7;18,8;86;88;84;923,5;0;0;362;3,16;130;27;3
15/03/2026;0800;19,1;19,6;18,5;88;88;84;923,8;0;0;240;4,91;329;29;5
15/03/2026;0900;18,3;19,1;18,2;90;90;87;924,3;0;0;329;3,59;325;10;6
15/03/2026;1000;21,2;21,2;18,2;80;90;80;924,8;0;0;142;2,03;286;14;10
15/03/2026;1100;23,5;23,5;21,2;71;80;71;925,5;0,5;0;490;4,53;808;28;3
15/03/2026;1200;25,8;25,8;23,3;65;72;64;926;1,8;0;171;1,38;1274;26;8
15/03/2026;1300;27;27,3;25,7;57;66;57;926,1;2;0;385;1,84;1921;5;9
15/03/2026;1400;29;29;27;49;59;48;926,2;2;0;155;1,05;95;28;10
15/03/2026;1500;29,5;29,6;28,2;47;51;42;925,8;1,4;0;281;4,79;63;5;3
15/03/2026;1600;30;30,4;28,8;42;47;41;925;1,8;0;356;3,04;1259;15;3
15/03/2026;1700;30,2;31,4;28,7;43;49;35;924,3;2,2;0;211;2,53;1099;27;3
15/03/2026;1800;29,2;30,9;29,1;45;47;40;923,9;2,4;0;128;3,16;1780;12;0
15/03/2026;1900;27,8;29,2;27,1;49;54;44;923,5;1,4;0;208;0,48;1250;4;10
15/03/2026;2000;29,9;29,9;27,8;45;51;43;923,2;0,3;0;345;2,82;1826;25;2
15/03/2026;2100;28,9;30,1;28,9;47;48;40;923,1;1;0;227;1,99;450;29;10
15/03/2026;2200;26,6;28,9;26,6;59;59;46;923,7;0,7;0;370;4,18;1824;5;3
15/03/2026;2300;24,8;26,6;24,5;63;63;57;924,4;0,2;0;132;2,6;90;15;5
16/03/2026;0000;23,5;25,4;23,4;73;73;60;925,3;0;0;277;0,95;1035;13;0
16/03/2026;0100;24,6;24,6;22,8;64;75;64;925,6;0,1;0;422;2,13;1828;9;1
16/03/2026;0200;23,5;24,6;23,5;63;64;62;925,7;0,2;0;231;3,52;1270;7;10
16/03/2026;0300;22,2;23,5;22,2;70;71;64;925,7;0,4;0;416;3,29;555;5;2
16/03/2026;0400;21,1;22,2;21,1;75;76;70;925,6;0;0;379;0,98;1398;30;10
16/03/2026;0500;20,6;21,3;20,4;77;77;74;925,3;0;0;224;2,61;789;18;6
16/03/2026;0600;20,3;21;20,3;80;80;74;925;0;0;127;1,09;221;24;0
16/03/2026;0700;20,2;20,3;19,9;76;82;76;925,1;0,1;0;455;0,5;1091;6;1
16/03/2026;0800;20,4;20,8;19,9;77;79;74;925,5;0;0;384;3,62;400;6;10
16/03/2026;0900;20,9;20,9;20,1;76;79;76;925,7;0;0;61;3,58;466;0;8
16/03/2026;1000;20,8;21,5;20,3;79;79;74;926,4;0;0;444;1,75;784;16;5
16/03/2026;1100;25,5;25,6;20,8;61;79;60;926,8;0,1;0;468;3,21;504;13;8
16/03/2026;1200;28,1;28,1;25,5;51;61;51;927,3;2;0;151;4,68;1762;17;2
16/03/2026;1300;29,7;29,7;28;47;52;47;927,3;2,2;0;175;3,79;1864;5;1
16/03/2026;1400;30,2;30,3;28,8;41;49;41;927;2,6;0;254;3,12;296;14;5
16/03/2026;1500;30,5;31,2;29,4;38;42;35;926,6;3,2;0;418;2,71;496;12;0
16/03/2026;1600;30,3;31,2;29;38;43;34;926,1;2,9;0;292;2,14;651;18;8
16/03/2026;1700;30,5;32;30,1;34;39;32;925,5;3,5;0;320;2,04;1864;30;5
16/03/2026;1800;31,9;31,9;30,1;32;37;32;924,7;2,5;0;373;3,88;241;25;7
16/03/2026;1900;31,3;31,9;30,2;33;36;31;923,9;1,4;0;400;2,47;1300;26;1
16/03/2026;2000;30,1;31,6;30,1;34;35;32;923,3;1,9;0;420;3,8;313;21;1
16/03/2026;2100;30,1;31;30,1;37;37;32;923,7;2,3;0;449;0,56;1708;30;4
16/03/2026;2200;27,4;30,1;27,4;52;52;37;924,3;2,1;0;109;2,68;1520;12;7
16/03/2026;2300;26,2;27,4;26,2;56;56;52;925,2;2;0;457;4,46;1329;18;6
17/03/2026;0000;25,4;26,2;25,4;56;56;55;926;1;0;118;3,6;840;11;1
17/03/2026;0100;24,2;25,6;24,2;65;65;55;926,7;2;0;130;1,51;898;2;7
17/03/2026;0200;23,4;24,2;23,4;69;70;65;926,9;2,1;0;121;3,82;1472;26;3
17/03/2026;0300;22,3;23,6;22,3;81;81;68;926,5;2,3;0;431;1,04;991;2;10
17/03/2026;0400;21,4;22,3;21,4;89;89;81;925,9;2,1;0;423;2,83;287;29;3
17/03/2026;0500;20,6;21,4;20,6;90;90;89;925,7;2,1;0;176;0,47;516;19;1
17/03/2026;0600;20,4;20,6;20,4;88;91;88;924,9;2;0;170;0,53;1487;15;0
17/03/2026;0700;20,4;20,5;20,2;81;88;81;924,8;1,8;0;415;3,5;743;12;3
17/03/2026;0800;20,3;20,5;20,2;79;81;79;924,8;2,1;0;440;1,44;816;13;6
17/03/2026;0900;19,4;20,6;19,1;85;85;76;925,4;0,2;0;206;4,88;1697;19;5
17/03/2026;1000;21,2;21,2;19,4;76;85;76;925,9;1,1;0;368;4,76;232;1;6
17/03/2026;1100;24,1;24,2;21,2;64;76;63;926,9;1,2;0;410;3,43;1633;29;6
17/03/2026;1200;25,7;26,2;24,1;58;64;57;927,3;2,2;0;120;4,85;55;16;4
17/03/2026;1300;27,1;27,8;25,5;58;60;56;927,6;2,7;0;239;4,26;942;26;4
17/03/2026;1400;28,6;29;27,1;57;61;56;927,1;3,2;0;171;2,88;1371;1;0
17/03/2026;1500;29,5;29,6;28,4;55;58;54;926,5;2,9;0;312;4,49;1287;8;2
17/03/2026;1600;29,7;30,1;28,6;54;57;52;925,6;3,8;0;342;0,85;1100;8;3
17/03/2026;1700;29,9;30,8;28,8;49;56;49;924,9;3,2;0;211;3,59;1908;27;5
17/03/2026;1800;30,6;31,1;29,7;47;53;45;924;3;0;430;3,89;283;15;3
17/03/2026;1900;30;30,8;29,2;48;51;45;923,3;2,9;0;316;1,8;470;12;7
17/03/2026;2000;29,9;30;29,2;52;53;47;923,1;2,1;0;226;3,79;1626;9;0
17/03/2026;2100;28,3;29,9;28,3;57;57;49;923,4;1,2;0;495;1,14;1004;6;2
17/03/2026;2200;27;28,3;27;61;61;57;924,3;0;0;182;1,19;1498;13;0
17/03/2026;2300;25,2;27;25,2;68;68;61;924,9;0;0;405;3,58;1695;21;2
18/03/2026;0000;25,6;26,3;24,9;69;71;66;925,8;1,9;0;79;0,57;1333;20;4
18/03/2026;0100;23,7;25,5;23,7;80;80;70;926,7;1,4;0;245;0,48;73;22;5
18/03/2026;0200;22,7;23,7;22,7;85;85;80;926,6;1,2;0;498;3,13;1418;29;5
18/03/2026;0300;22,5;22,7;22,5;87;87;85;926,2;0,4;0;193;0,67;143;27;5
18/03/2026;0400;22,5;22,7;22,4;85;87;85;925,7;0;0;368;4,1;1246;14;10
18/03/2026;0500;22;22,5;22;86;86;84;925,7;0;0;268;3,47;1476;25;8
18/03/2026;0600;21,5;22,1;21,5;89;89;86;925,6;0;0;250;0,84;260;10;3
18/03/2026;0700;21,4;21,6;21,3;91;91;89;926,1;0;0;484;1,16;1716;17;8
18/03/2026;0800;20;21,4;20;93;93;91;926,2;2,2;1,6;270;4,12;1763;8;8
18/03/2026;0900;19,5;20;19,5;94;94;93;926,2;0,9;0,6;423;0,28;1317;19;3
18/03/2026;1000;19,9;19,9;19,5;95;95;94;926,5;0;0;71;3,88;772;0;5
18/03/2026;1100;20,6;20,6;19,9;94;95;94;925,8;0,3;1,2;240;2,68;1730;27;10
18/03/2026;1200;22,1;22,2;20,6;87;94;86;925,6;0,5;0;164;1,4;1850;11;7
18/03/2026;1300;25,1;25,3;22,1;74;87;71;925,7;2,1;0;111;1,65;886;11;2
18/03/2026;1400;27,1;27,1;24,8;70;76;66;925,8;0,9;0;99;0,25;1090;10;1
18/03/2026;1500;28,9;28,9;26,7;57;70;54;924,9;1;0;76;1,09;1997;1;7
18/03/2026;1600;28,8;30,3;28,5;56;57;48;924,6;3,6;0;381;2,42;406;24;4
18/03/2026;1700;29;30;28,1;57;60;50;923,6;3,4;0;487;1,96;1728;1;6
18/03/2026;1800;27,8;29,2;27,2;56;60;54;922,6;2,1;0;133;1,99;1864;1;9
18/03/2026;1900;25,4;28,8;25,4;78;78;56;922,2;1,6;0,2;112;1,73;1657;14;6
18/03/2026;2000;22,7;25,8;22,4;90;90;74;923,1;0,4;1,6;177;3,75;1808;5;7
18/03/2026;2100;22,7;22,7;21,9;87;90;87;923;0;0;119;1,64;813;27;3
18/03/2026;2200;22,3;22,9;22,2;87;88;85;924;1,8;0;102;3,03;443;0;7
18/03/2026;2300;21,7;22,3;21,6;92;92;87;924,3;1,1;2;311;2,1;1178;2;1
19/03/2026;0000;21,4;21,7;21,4;90;92;90;924,4;0;0,2;132;2,26;1859;7;5
19/03/2026;0100;21,2;21,5;21,2;89;90;89;924,4;0;0;164;0,52;1614;14;10
19/03/2026;0200;21,6;21,6;21,2;87;89;87;924,4;0;0;223;1,61;1197;25;2
19/03/2026;0300;21,6;21,7;21,5;85;88;85;924,2;0;0;216;2,48;146;7;0
19/03/2026;0400;21,7;21,7;21,3;88;88;85;924;0;0;241;1,22;197;4;5
19/03/2026;0500;22;22;21,6;87;88;87;923,4;0;0;271;2,45;1495;8;9
19/03/2026;0600;20,9;22,1;20,9;91;91;85;923,1;0;0;59;4,78;1322;1;1
19/03/2026;0700;20,5;20,9;20,5;95;95;91;922,7;0;0;494;2,28;303;26;10
19/03/2026;0800;20,5;20,5;20,4;95;95;95;922,9;0;0;70;2,52;232;20;1
19/03/2026;0900;20,5;20,6;20,4;95;95;95;923;0;0;464;3,54;754;0;6
19/03/2026;1000;20,8;20,8;20,4;95;95;95;923,4;0;0,2;380;4,06;135;21;0
19/03/2026;1100;23;23;20,7;88;95;88;923,7;0,1;0;488;4,71;1672;14;3
19/03/2026;1200;25;25,6;23;77;88;75;923,9;0,6;0;114;3,47;1827;5;9
19/03/2026;1300;25,4;25,7;24,6;74;78;72;924;0,4;0;74;1,38;127;19;5
19/03/2026;1400;24,8;25,5;24,3;80;83;72;923,8;2,5;0;100;0,75;1412;21;0
19/03/2026;1500;23;24,8;22,9;91;91;80;923,2;0;2,4;415;3,63;1234;25;10
19/03/2026;1600;26,1;26,2;23;68;91;68;922,3;0,3;0,4;445;1,35;1638;7;6
19/03/2026;1700;28,3;28,3;26,1;63;69;57;921,2;1,3;0;473;4,42;832;13;3
19/03/2026;1800;26,6;28,3;26,3;70;71;61;920,4;2,2;0;277;3,76;1350;8;3
19/03/2026;1900;26,4;26,6;25,4;71;74;70;920,2;1,3;0;493;3,47;200;9;3
19/03/2026;2000;25,4;26,5;25,4;72;74;69;919,9;1,8;0;500;2,53;317;26;6
19/03/2026;2100;25,2;26,2;25,2;71;73;69;920,5;1,8;0;245;3,08;1321;23;1
19/03/2026;2200;24,5;25,2;24,5;73;73;71;921,1;0,3;0;210;3,11;683;27;2
19/03/2026;2300;24,2;24,6;24,1;78;79;73;922,1;1,2;0;350;2,7;1008;14;2
20/03/2026;0000;22,1;24,2;22,1;86;86;77;922,5;1,5;0;260;1,22;1011;11;10
20/03/2026;0100;21,8;22,1;21,7;85;87;85;923;0,5;0;468;2,41;1429;25;7
20/03/2026;0200;21,2;21,8;21,2;88;88;85;923,5;1,1;0;146;3,58;1705;6;5
20/03/2026;0300;20,6;21,2;20,6;88;89;88;923,6;0,9;0;337;1,99;1348;13;10
20/03/2026;0400;20,3;20,6;20,2;90;90;88;923,2;1,4;0;140;2,66;1156;20;0
20/03/2026;0500;20;20,3;20;91;91;90;923,1;0,6;0;169;3,74;1290;19;10
20/03/2026;0600;19,8;20;19,7;91;91;91;922,5;0,7;0;93;2,75;1335;0;5
20/03/2026;0700;19,5;19,7;19,4;91;91;91;922,2;0,1;0;320;2,23;1600;22;4
20/03/2026;0800;18,8;19,5;18,7;95;95;91;922,8;1,3;0;349;0,81;536;13;6
20/03/2026;0900;19,7;19,7;18,9;94;95;94;923,3;1,4;0;199;2,03;749;10;1
20/03/2026;1000;19,8;19,9;19,6;93;94;93;923,8;1,9;0;332;1,73;415;1;3
20/03/2026;1100;20,1;20,1;19,7;91;93;91;924,3;1,8;0;102;1,19;1895;5;1
20/03/2026;1200;21,8;21,9;20;82;91;82;924,9;2,1;0;464;4,7;628;14;3
20/03/2026;1300;23,8;24,6;21,7;73;82;72;925,2;1,7;0;345;3,46;1804;1;4
20/03/2026;1400;24,7;25,2;23,3;67;76;66;925,3;1,9;0;439;4,1;797;24;0
20/03/2026;1500;26,1;27;24,3;57;68;57;924,8;2,2;0;111;4;1864;27;7
20/03/2026;1600;27,6;28,1;26,1;53;60;51;924,1;1,8;0;388;4,38;347;7;4
20/03/2026;1700;28,3;28,6;27,1;52;54;48;923,2;1,9;0;184;1,12;725;26;6
20/03/2026;1800;28,9;29;27,8;51;54;49;922,4;1,9;0,2;87;3,17;707;29;7
20/03/2026;1900;28,4;29,3;28,3;51;52;48;921,8;2,3;0;321;1,74;1385;5;10
20/03/2026;2000;28,4;29,1;28,3;50;52;48;921,5;1,9;0;357;0,26;1896;12;4
20/03/2026;2100;27,9;28,9;27,9;52;52;49;922,1;2;0;342;1,39;400;7;7
20/03/2026;2200;25,4;27,9;25,4;66;66;52;922,8;1,8;0;374;4,6;956;22;9
20/03/2026;2300;24;25,4;24;73;73;66;923,5;1,5;0;80;4,69;1889;12;3
21/03/2026;0000;23,3;24;23,3;69;73;69;924,4;1,5;0;481;2,29;1946;24;6
21/03/2026;0100;22,3;23,3;22,3;76;76;69;924,8;1,5;0;193;3,46;1109;4;4
21/03/2026;0200;21,4;22,3;21,4;82;82;76;925;1,8;0;362;1,05;1694;2;2
21/03/2026;0300;21;21,4;21;81;82;81;925,1;1,4;0;281;0,98;774;2;8
21/03/2026;0400;20,7;21;20,7;78;81;78;925,3;1,6;0;51;2,75;818;8;6
21/03/2026;0500;19,7;20,7;19,7;85;85;78;925;1,4;0;365;2,18;1069;5;3
21/03/2026;0600;19,5;19,8;19,5;84;85;83;924,7;1;0;383;1,3;323;24;9
21/03/2026;0700;18,9;19,5;18,9;86;86;84;924,5;1,2;0;225;1,72;1535;21;10
21/03/2026;0800;17,9;19;17,9;90;90;86;924,7;0,6;0;344;2,83;1791;15;9
21/03/2026;0900;18,2;18,3;17,7;91;92;90;925,1;1,5;0;296;2,27;1164;10;7
21/03/2026;1000;17,7;18,2;17,2;95;95;91;925,4;0,7;0;65;1,12;721;0;9
21/03/2026;1100;21,7;21,7;17,6;83;96;83;925,6;1,7;0;326;4,3;631;24;5
21/03/2026;1200;25,2;25,4;21,7;63;83;61;926;1,7;0;363;4,64;664;25;6
21/03/2026;1300;26,5;26,7;25,1;55;63;54;925,9;0,9;0;487;0,8;1356;29;1
21/03/2026;1400;27,8;28,2;26,2;55;60;49;925,9;0,9;0;267;2,24;1196;0;3
21/03/2026;1500;29,2;29,3;27,7;47;58;46;925,8;1,1;0;367;3,13;334;15;4
21/03/2026;1600;30,5;30,7;28,9;36;47;32;925,3;1,4;0;324;1,2;308;17;4
21/03/2026;1700;30,3;31,1;29,6;38;39;27;924,7;2;0;274;2,35;1978;10;4
21/03/2026;1800;30,5;31;29,8;35;44;35;924,4;2,3;0;273;1,84;1774;3;8
21/03/2026;1900;30,2;31,1;30,1;34;38;32;924,2;2,9;0;498;2,29;246;5;1
21/03/2026;2000;30,3;31;30,1;33;35;31;923,9;2,4;0;298;2,24;1503;30;10
21/03/2026;2100;28,8;30,5;28,8;43;43;33;924,1;1,7;0;122;1,35;1901;16;1
21/03/2026;2200;27,5;28,8;27,5;50;50;43;924,5;1,2;0;379;1,76;358;26;9
21/03/2026;2300;25,2;27,5;25,2;59;59;49;925;0;0;313;1,07;1966;30;7
22/03/2026;0000;24;25,5;23,9;64;65;58;925,9;0,4;0;269;0,88;74;13;2
22/03/2026;0100;25,1;25,7;24;62;64;59;926,5;0,4;0;66;4,49;1139;6;9
22/03/2026;0200;24;25,1;24;67;67;62;926,7;0,8;0;461;4;534;28;6
22/03/2026;0300;23,5;24,1;23,3;70;71;67;926,5;0,7;0;101;0,89;751;1;9
22/03/2026;0400;23,5;23,7;23,4;69;70;68;926,5;1,8;0;164;0,57;597;8;3
22/03/2026;0500;23,2;23,5;23,2;68;69;67;926,4;1,4;0;129;2,62;322;26;9
22/03/2026;0600;23,3;23,6;23,2;65;68;64;926,3;0,4;0;378;4,81;710;10;9
22/03/2026;0700;22,4;23,4;22,4;72;72;65;926;0;0;362;2,16;142;19;1
22/03/2026;0800;22,5;22,8;22,3;67;72;66;926,1;0,2;0;330;2,9;1645;19;3
22/03/2026;0900;22,3;22,5;22,1;64;67;64;926,3;0,5;0;226;1,19;1508;5;5
22/03/2026;1000;21,6;22,6;21,6;67;67;63;926,9;0;0;254;3,41;1465;11;10
22/03/2026;1100;23,9;23,9;21,2;60;71;60;927,5;0,1;0;400;1,46;895;23;3
22/03/2026;1200;27,2;27,3;23,9;43;60;42;928,1;1,5;0;457;4,74;1581;27;3
22/03/2026;1300;28,9;28,9;27,2;41;44;38;927,9;0;0;281;2,68;1604;14;8
22/03/2026;1400;29,1;30,6;28,7;43;46;39;927,6;1,6;0;321;3,15;1555;10;0
22/03/2026;1500;29,3;30,2;29,2;47;47;42;927,1;1,8;0;141;1,16;717;13;1
22/03/2026;1600;30,7;31,3;29,3;42;48;41;926;2,7;0;232;3,68;1912;14;3
22/03/2026;1700;29,6;32,1;29,6;47;48;39;925,3;1,5;0;185;1,55;1474;4;7
22/03/2026;1800;29,5;30,7;29,3;48;50;46;925,2;2,9;0;153;4,12;1068;28;3
22/03/2026;1900;30,6;30,6;29,5;44;49;41;924,2;2,1;0;465;4,58;656;19;7
22/03/2026;2000;30;31;29,9;45;45;40;924,4;1,9;0;255;0,31;285;15;3
22/03/2026;2100;28,4;30,1;28,4;51;51;44;924,7;1,6;0;198;1,01;922;14;9
22/03/2026;2200;27,7;28,4;27,7;55;55;51;924,7;1,1;0;431;0,83;521;10;8
22/03/2026;2300;27,9;27,9;27,5;55;57;55;925,5;1,4;0;301;1,3;346;14;6
23/03/2026;0000;26;27,9;26;65;65;55;926,5;2,6;0;192;4,07;751;15;5
23/03/2026;0100;24,2;26;24,1;68;71;65;927,7;1,4;0;480;4,67;175;3;7
23/03/2026;0200;23,5;24,2;23,5;73;73;68;927,9;1,2;0;80;2,43;1233;15;1
23/03/2026;0300;22,8;23,5;22,8;78;78;73;926,9;1,3;0;408;2,77;1259;18;8
23/03/2026;0400;22,2;22,8;22,2;81;81;78;926,4;1,2;0;376;1,92;701;27;6
23/03/2026;0500;22,3;22,5;22,1;78;81;78;925,9;0,4;0;310;2,98;286;27;7
23/03/2026;0600;21,8;22,3;21,8;79;79;78;925,6;1,1;0;193;2,1;497;24;9
23/03/2026;0700;21,4;21,9;21,4;80;80;79;925,4;0;0;242;4,69;137;9;7
23/03/2026;0800;21,2;21,4;20,4;82;85;80;925,6;0;0;69;2,87;172;10;1
23/03/2026;0900;20,9;21,2;20,8;84;84;82;926,1;0,5;0;339;1,87;243;18;2
23/03/2026;1000;21,3;21,3;20,9;85;85;84;926,2;0,8;0;454;1,25;1516;22;5
23/03/2026;1100;22,4;23,1;21,2;80;85;78;926,6;0,3;0;97;2,05;1795;17;9
23/03/2026;1200;25;25,5;22,4;65;80;64;927;1,3;0;114;1,61;510;29;3
23/03/2026;1300;26,7;26,8;24,8;56;67;54;927,1;1,6;0;479;2,99;975;1;7
23/03/2026;1400;26,4;27,4;25,7;54;59;52;926,8;1,5;0;403;4,07;987;21;7
23/03/2026;1500;27,6;27,6;26,3;52;56;51;926,3;0,5;0;242;2,31;830;8;8
23/03/2026;1600;27,9;28;27;56;59;51;925,5;1,4;0;413;2,33;1098;27;1
23/03/2026;1700;28,7;29;27,2;56;57;52;924,7;1,5;0;287;4,12;1123;26;7
23/03/2026;1800;27,9;28,8;27,3;54;57;52;924,2;2,3;0;104;1,78;1092;30;7
23/03/2026;1900;28,7;28,9;27,9;49;55;49;923,6;2,8;0;201;1,77;571;26;6
23/03/2026;2000;28,7;29;28,2;48;51;48;923,5;1,8;0;259;4,52;704;0;8
23/03/2026;2100;27,5;28,7;27,5;55;55;48;923,5;1,8;0;466;2,46;91;30;1
23/03/2026;2200;26,5;27,5;26,5;58;60;55;923,6;1,5;0;144;3,98;109;16;6
23/03/2026;2300;25,5;26,5;25,5;64;64;58;924,5;0,4;0;143;3,51;928;20;5
24/03/2026;0000;24,1;25,7;24,1;68;68;63;925,2;1,6;0;104;0,4;1509;16;2
24/03/2026;0100;22,9;24,1;22,9;73;73;68;925,6;1,5;0;168;1,32;1962;16;10
24/03/2026;0200;22,1;22,9;21,8;76;78;73;925,8;1,7;0;100;3,52;1451;14;3
24/03/2026;0300;21,7;22,1;21,7;75;77;75;925,3;0,9;0;342;3,56;1089;18;9
24/03/2026;0400;20,3;21,8;20,3;85;85;75;925,5;0,3;0;407;2,95;63;30;2
24/03/2026;0500;20,6;20,7;20,3;83;85;83;924,7;0,3;0;295;4,43;956;3;9
24/03/2026;0600;19,9;20,6;19,9;86;86;83;924,8;0;0;438;3,75;1270;28;7
24/03/2026;0700;20,3;20,3;19,8;83;87;83;924,6;0;0;196;1,03;1543;0;2
24/03/2026;0800;20,2;20,3;19,9;83;85;83;924,9;0;0;473;2,55;1973;25;5
24/03/2026;0900;20,4;20,5;20,2;80;83;80;924,9;0;0;262;2,37;559;27;7
24/03/2026;1000;20,7;20,7;20,2;74;80;73;925,3;0;0;120;2,17;1165;20;2
24/03/2026;1100;20,9;21,6;20,2;82;84;73;925,4;0,9;0;221;1,58;1875;3;1
24/03/2026;1200;23,3;23,3;20,9;66;82;65;925,6;1,3;0;197;0,61;744;20;0
24/03/2026;1300;26,6;26,8;23,2;52;66;49;925,3;1;0;89;0,43;1657;6;1
24/03/2026;1400;28,1;28,4;26,6;38;55;30;925,4;0,8;0;146;4,8;573;21;8
24/03/2026;1500;29;29,2;27,4;31;40;29;924,9;1,1;0;347;3,78;433;30;8
24/03/2026;1600;29,1;29,6;28,1;41;42;31;924,7;1,3;0;397;0,83;923;8;8
24/03/2026;1700;29,6;29,8;28,3;38;45;35;923,8;0,7;0;242;3,22;433;25;0
24/03/2026;1800;29,6;30,2;29,1;38;40;36;923;1,4;0;143;1,44;122;26;7
24/03/2026;1900;29,4;30,2;29;36;38;34;922,6;1,2;0;310;4,7;1870;6;9
24/03/2026;2000;29,2;29,8;29,1;34;38;32;922,4;1,2;0;93;2,43;196;5;3
24/03/2026;2100;28,4;29,3;28,4;35;35;33;923;1,7;0;108;3,96;1290;6;7
24/03/2026;2200;27;28,3;27;38;39;35;923,6;1,4;0;118;1,44;1893;15;5
24/03/2026;2300;25,3;27,1;25,3;48;48;38;924,4;1,5;0;194;4,04;1248;11;2
25/03/2026;0000;23,3;25,3;23,3;60;60;48;925,2;1,4;0;337;2,85;1094;3;6
25/03/2026;0100;22,1;23,3;22,1;66;67;60;925,6;0,8;0;458;0,66;1083;13;10
25/03/2026;0200;21,2;22,1;21,2;72;72;66;926;1;0;191;4,58;556;8;3
25/03/2026;0300;20,3;21,2;20,3;78;78;72;926,5;1,4;0;340;2,69;565;16;8
25/03/2026;0400;20,1;20,4;19,8;82;83;78;926;0,3;0;274;1,13;583;17;6
25/03/2026;0500;19,2;20,2;19,2;86;86;82;925,7;0,8;0;201;4,04;571;19;2
25/03/2026;0600;18,5;19,2;18,5;92;92;86;925,4;0;0;116;3,13;1316;15;2
25/03/2026;0700;18,6;18,7;18,5;92;93;92;925,4;0;0;351;1,25;477;21;2
25/03/2026;0800;18,3;18,6;18,3;92;93;92;925,7;0,6;0;392;1,14;671;0;9
25/03/2026;0900;18,1;18,3;18,1;92;93;92;926,4;0;0;393;4,17;703;26;7
25/03/2026;1000;17,9;18,1;17,8;93;93;92;926,8;0;0;332;2,16;1185;8;1
25/03/2026;1100;19,2;19,4;17,9;89;93;89;927,6;0,2;0;374;3,1;515;18;8
25/03/2026;1200;22,2;22,4;19,1;77;89;77;928,3;2,1;0;306;3,56;1420;24;7
25/03/2026;1300;22,1;22,3;20,9;78;81;76;928,8;2,6;0;80;2,8;1755;1;7
25/03/2026;1400;24,8;24,8;21,9;70;79;69;928,7;2,8;0;495;1,47;1686;9;6
25/03/2026;1500;26,4;26,5;24;64;71;62;928,5;3,3;0;356;1,4;982;8;3
25/03/2026;1600;27,4;27,5;25,7;57;65;57;927,6;2,4;0;257;1,01;1725;23;10
25/03/2026;1700;28,2;28,2;26,4;56;60;52;926,8;2,1;0;190;1,01;876;27;3
25/03/2026;1800;27,7;28,6;27,1;51;56;49;926,2;1,1;0;227;4,33;662;25;0
25/03/2026;1900;28,5;28,7;27,2;49;55;49;925,6;1;0;310;4,33;1982;21;3
25/03/2026;2000;28;28,8;27,3;57;58;47;925,5;2,1;0;245;0,46;738;5;8
25/03/2026;2100;23;28,1;20,2;82;90;55;926,2;1,4;9,2;469;0,74;834;24;2
25/03/2026;2200;22,6;23,4;22,6;80;82;78;926,8;0;0;116;0,56;1711;19;0
25/03/2026;2300;22;22,6;22;85;85;80;928,1;1;0;170;3,71;658;5;1
26/03/2026;0000;21,6;22;21,5;82;85;82;928,3;0,6;0;455;3,69;334;20;3
26/03/2026;0100;21,4;21,7;21,4;80;82;79;929,1;0,5;0;161;3,97;630;22;0
26/03/2026;0200;21,3;21,4;21,2;84;84;80;929;0,2;0;236;2,52;89;11;2
26/03/2026;0300;20,8;21,3;20,8;87;87;84;928,8;0,1;0;368;3,63;1570;28;3
26/03/2026;0400;20,1;20,8;20,1;90;90;87;928,6;0;0;177;2,57;1594;0;9
26/03/2026;0500;20,1;20,4;20,1;90;90;89;928,3;0;0;206;2,14;1857;30;6
26/03/2026;0600;20,5;20,5;19,9;86;90;86;927,9;0,1;0;336;4,97;630;29;4
26/03/2026;0700;19,7;20,5;19,7;86;86;85;927,9;0;0;111;0,66;2000;22;7
26/03/2026;0800;19,4;19,8;19,3;88;88;86;928,4;0;0;59;4,18;475;23;6
26/03/2026;0900;19,6;19,7;19,2;86;88;86;928,8;0,1;0;454;0,42;1900;19;4
26/03/2026;1000;20,5;20,5;19,4;83;86;83;929,5;0;0;129;3,35;1837;6;7
26/03/2026;1100;22,8;22,8;20,5;72;83;72;930;1,9;0;73;3,58;1619;4;6
26/03/2026;1200;24,2;24,4;22,8;67;73;66;930,6;3,2;0;338;0,81;974;11;5
26/03/2026;1300;26,4;26,4;24,2;59;67;58;930,7;4;0;199;1,02;1748;28;10
26/03/2026;1400;26,9;27,3;25,9;54;59;53;930,4;4,2;0;468;4,54;1138;4;1
26/03/2026;1500;28;28,4;26,8;51;56;50;929,8;4,3;0;465;1,75;1764;12;2
26/03/2026;1600;28,5;29,3;27,4;45;53;44;929,1;3,3;0;202;3,98;1205;12;9
26/03/2026;1700;28,9;29,8;28,1;46;48;44;928,4;3,3;0;499;3,99;663;30;4
26/03/2026;1800;28,9;29,9;28,6;48;49;44;927,9;2,9;0;277;3,85;1876;24;0
26/03/2026;1900;28,4;29,5;28,3;49;49;45;927,3;2,3;0;181;3,82;1903;8;5
26/03/2026;2000;28,5;28,8;27,6;49;53;48;927,1;2;0;296;3,33;880;8;3
26/03/2026;2100;27,5;28,7;27,5;52;52;47;927,7;1,7;0;78;2;895;26;0
26/03/2026;2200;26,9;27,5;26,6;56;57;52;928,3;0;0;172;3,13;1333;15;8
26/03/2026;2300;26,3;27;26,3;58;58;54;929;0,4;0;396;2,52;775;25;5
27/03/2026;0000;25,7;26,3;25,7;62;62;58;929,7;0;0;350;2,01;148;27;9
27/03/2026;0100;24,4;25,7;24,4;68;68;62;930,1;1,3;0;174;2,94;449;29;0
27/03/2026;0200;23,7;24,4;23,7;74;74;68;929,9;0,9;0;107;3,51;663;18;10
27/03/2026;0300;23,1;23,7;23,1;75;75;74;929,6;1,3;0;65;2,83;1438;8;6
27/03/2026;0400;22,7;23,1;22,7;73;75;72;929,3;0,9;0;192;4,03;668;15;7
27/03/2026;0500;22,1;22,7;22;75;75;73;929;0,1;0;78;0,57;1698;5;7
27/03/2026;0600;21,8;22,1;21,7;76;76;75;928,6;0;0;329;4,67;151;6;2
27/03/2026;0700;21,7;21,8;21,6;78;78;76;928,7;0;0;475;4,83;1759;4;8
27/03/2026;0800;21;21,7;21;80;80;78;929,2;0,4;0;472;1,74;1751;23;2
27/03/2026;0900;20,9;21;20,4;84;84;80;929,6;1,4;0;213;1,8;169;14;10
27/03/2026;1000;20,7;20,9;20,6;88;88;84;930,5;0;0;472;1,86;1794;19;4
27/03/2026;1100;22,3;22,3;20,7;81;88;80;931,3;0,4;0;203;0,4;274;5;10
27/03/2026;1200;25,7;25,8;22,2;69;80;67;931,7;0,3;0;478;3,28;603;14;8
27/03/2026;1300;26,8;27,2;25,3;60;69;60;931,7;2,1;0;213;3,46;1508;7;8
27/03/2026;1400;28,5;28,7;26,8;55;62;54;931,4;2,1;0;111;2,3;1785;24;8
27/03/2026;1500;28,7;30,3;27,9;52;56;46;930,8;2,6;0;329;4,59;1182;23;0
27/03/2026;1600;30,7;30,9;28,5;47;52;44;929,8;2,2;0;485;2,23;1181;18;6
27/03/2026;1700;31,4;31,4;29,9;43;47;41;929,1;1,6;0;64;3,38;1772;28;6
27/03/2026;1800;29,7;31,7;29,6;43;46;41;928,7;1,3;0;141;0,3;99;3;6
27/03/2026;1900;29,5;29,9;29;49;52;42;928,3;1,2;0;165;1,29;510;10;7
27/03/2026;2000;29,1;30,1;28,7;46;49;44;928,2;1,8;0;140;4,37;1422;3;6
27/03/2026;2100;28,1;29,7;28,1;46;46;40;928,2;1,9;0;400;3,17;1035;28;9
27/03/2026;2200;26,1;28,1;26,1;54;54;46;928,8;1,9;0;143;3,16;842;7;1
27/03/2026;2300;24,5;26,1;24,5;73;73;54;929,8;1,8;0;131;0,38;296;17;4
28/03/2026;0000;23,4;24,5;23,4;80;80;73;930,7;1,4;0;174;1,4;990;5;5
28/03/2026;0100;22,6;23,4;22,6;82;82;79;931,1;1,2;0;165;2,71;843;2;10
28/03/2026;0200;21,9;22,6;21,9;84;84;82;931,4;1,2;0;487;4,63;512;2;8
28/03/2026;0300;21,5;21,9;21,5;86;86;84;931,4;1,1;0;294;1,28;1889;23;7
28/03/2026;0400;20,9;21,5;20,8;87;88;86;931;1;0;264;2,69;1367;18;2
28/03/2026;0500;20,5;20,9;20,5;81;87;81;930,4;1;0;233;2,29;585;9;3
28/03/2026;0600;19,7;20,6;19,7;86;86;79;930,1;0,3;0;401;3,9;107;8;7
28/03/2026;0700;19,2;19,7;19,2;90;90;86;929,9;0;0;437;3,25;574;15;7
28/03/2026;0800;18,9;19,3;18,9;90;90;89;930;0,6;0;243;4,24;332;13;0
28/03/2026;0900;18,6;18,9;18,6;90;90;90;930,7;0,6;0;314;3,54;1073;8;6
28/03/2026;1000;18,9;18,9;18,4;89;91;89;931,4;1,1;0;248;2,24;1126;5;6
28/03/2026;1100;20,5;20,7;18,9;81;89;81;932,1;0,6;0;70;3,32;1478;25;0
28/03/2026;1200;23,7;24;20,5;69;81;69;932,5;0,6;0;352;4,31;162;26;9
28/03/2026;1300;26,8;27;23,5;50;71;49;932,8;2,2;0;267;3,18;1287;0;2
28/03/2026;1400;28,8;28,8;26,5;46;52;46;932,5;1,8;0;81;0,35;875;20;5
28/03/2026;1500;28,7;29,1;26,9;41;51;41;932;0,1;0;228;0,68;1649;4;0
28/03/2026;1600;28,7;29,7;27,7;39;45;38;931,2;0,8;0;418;2,75;1231;25;5
28/03/2026;1700;30,1;30,1;28,3;34;42;34;930,6;1,2;0;413;1,42;1455;29;1
28/03/2026;1800;28,8;31;28,4;42;42;34;930;0,5;0;118;3,04;217;15;0
28/03/2026;1900;29,3;29,8;28,5;44;49;40;929,8;0,6;0;53;0,36;1405;9;5
28/03/2026;2000;28,3;29,6;28,3;44;45;39;929,9;1;0;351;1,03;731;22;10
28/03/2026;2100;27,8;28,5;27,8;42;45;41;930,1;1,6;0;356;1,45;764;8;4
28/03/2026;2200;26,4;27,8;26,4;49;49;42;930,4;1,5;0;395;3,2;1432;30;7
28/03/2026;2300;24,3;26,4;24,3;70;70;49;931;1,4;0;66;4,01;1008;30;0
29/03/2026;0000;22,8;24,3;22,8;75;75;70;931,3;0,9;0;146;1,01;1701;28;2
29/03/2026;0100;21,9;22,8;21,8;80;80;75;931,7;1,2;0;111;0,66;1249;14;7
29/03/2026;0200;21,3;21,9;21,2;81;81;80;931,7;0,9;0;232;2,33;1188;30;0
29/03/2026;0300;20,7;21,3;20,7;84;84;81;931,7;1;0;71;2,14;1289;22;4
29/03/2026;0400;20;20,7;20;88;88;84;931,3;1,2;0;494;2,67;230;28;4
29/03/2026;0500;20;20;19,9;86;88;86;930,6;0,8;0;278;2,12;351;5;5
29/03/2026;0600;19,4;20;19,4;88;88;85;930;0,1;0;420;3,89;1560;5;2
29/03/2026;0700;18,8;19,4;18,8;91;92;88;929,9;1,3;0;58;4,63;650;20;1
29/03/2026;0800;18,3;18,8;18,3;93;93;91;930,1;1,3;0;245;4,66;1933;15;7
29/03/2026;0900;17,8;18,4;17,8;94;94;93;930,7;1;0;149;1,8;542;11;10
29/03/2026;1000;18,1;18,1;17,8;92;94;92;931;0,1;0;133;2,52;811;27;1
29/03/2026;1100;19,3;19,6;17,8;87;93;87;931,7;1,4;0;359;2,73;761;17;4
29/03/2026;1200;21,6;21,7;19,3;79;87;79;932,6;1,2;0;119;2,58;1076;22;8
29/03/2026;1300;25,1;25,3;21,4;62;79;62;932,4;1;0;259;0,22;347;10;9
29/03/2026;1400;27,3;27,5;24,9;51;65;51;932;1,2;0;457;0,32;1635;27;1
29/03/2026;1500;28,1;29,1;26,9;46;54;44;931,1;1,2;0;287;2,9;330;5;6
29/03/2026;1600;28;29,9;27,9;50;52;42;930,3;0;0;323;4,49;1976;18;6
29/03/2026;1700;28,4;30,2;28;50;53;46;929,6;0;0;104;0,68;1352;26;3
29/03/2026;1800;29,7;30,1;27,9;45;51;43;928,8;0;0;276;4,79;1723;19;7
29/03/2026;1900;29,2;30,2;29,2;40;45;39;928,6;0;0;59;0,29;883;0;5
29/03/2026;2000;29,2;29,7;28,7;40;42;39;928,6;0;0;305;1,79;568;2;4
29/03/2026;2100;27,5;29,2;27,5;46;46;40;928,6;0;0;345;4,11;123;3;6
29/03/2026;2200;25,2;27,5;25,2;55;55;46;928,9;0;0;484;2,79;1621;0;9
29/03/2026;2300;25,7;25,7;24,6;56;58;55;929,2;0;0;61;2,81;1133;26;6
30/03/2026;0000;24,3;25,9;24,3;57;58;54;929,9;0;0;380;0,66;800;17;10
30/03/2026;0100;23,5;24,9;23,5;75;75;58;930,5;0,5;0;51;1,48;671;21;0
30/03/2026;0200;22,2;23,5;22,2;83;83;75;930,4;1,2;0;353;1,9;844;16;7
30/03/2026;0300;21,5;22,2;21,5;83;83;81;930;0,6;0;282;0,61;773;16;3
30/03/2026;0400;21;21,5;21;84;84;83;929,6;0,5;0;407;2,66;1510;22;8
30/03/2026;0500;20,6;21;20,6;85;85;84;929,2;0,5;0;362;3,1;1631;29;7
30/03/2026;0600;20,2;20,6;20,2;88;88;85;928,7;0;0;63;4,79;1099;23;9
30/03/2026;0700;19,7;20,2;19,7;91;91;88;928,3;0;0;121;2,43;1172;27;3
30/03/2026;0800;19,4;19,7;19,3;91;91;91;928;0,6;0;184;4,13;774;5;5
30/03/2026;0900;19;19,4;18,9;91;91;91;928,5;0;0;249;3,69;602;19;7
30/03/2026;1000;19,2;19,2;18,9;91;92;91;928,8;0;0;455;0,9;1982;21;8
30/03/2026;1100;20,8;20,8;19,2;84;91;84;929,1;0;0;258;2,92;1212;29;1
30/03/2026;1200;21,3;22,1;20,3;80;85;79;929,5;0,8;0;499;2,63;540;24;6
30/03/2026;1300;24,8;24,9;21,3;65;80;64;929,4;0,7;0;327;4,15;742;9;10
30/03/2026;1400;26,8;27;24,4;58;67;56;929;1,3;0;231;1,21;1766;24;6
30/03/2026;1500;27,3;28;26,1;50;59;48;928,3;1,5;0;421;1,97;934;10;10
30/03/2026;1600;28,3;29,1;27,3;44;52;43;927,6;1,8;0;326;2,06;765;28;8
30/03/2026;1700;29,6;29,9;28;39;48;38;926,8;0,3;0;498;4,75;93;18;5
30/03/2026;1800;29,3;30,3;28,9;34;41;31;926,1;0,8;0;247;2,44;1053;11;7
30/03/2026;1900;30,1;30,4;29,1;34;36;29;925,3;0;0;454;2,39;147;5;0
30/03/2026;2000;29;30,1;28,9;39;39;32;925,3;0,5;0;166;3,05;1075;13;7
30/03/2026;2100;28,2;29,2;28,2;40;41;36;925,6;1,9;0;252;1,73;957;13;3
30/03/2026;2200;26,9;28,2;26,9;45;45;40;925,4;1,1;0;286;2,66;1383;15;2
30/03/2026;2300;23,7;26,9;23,6;64;65;45;926,1;1,2;0;145;3,17;1701;6;6
31/03/2026;0000;22,4;23,6;22,4;63;64;60;926,7;1,4;0;111;3,32;355;0;7
31/03/2026;0100;21,1;22,4;21,1;70;70;62;927,1;1,2;0;118;3,08;1343;29;1
31/03/2026;0200;20,4;21,1;20,4;81;81;70;927,6;0,5;0;79;0,62;653;0;4
31/03/2026;0300;19,9;20,5;19,8;82;82;81;926,8;0,4;0;326;3,97;119;3;6
31/03/2026;0400;20;20;19,8;79;82;79;926,4;1,4;0;101;0,41;1415;9;8
31/03/2026;0500;19,3;20;19,3;83;83;79;925,9;1,1;0;130;2,21;949;30;2
31/03/2026;0600;19,1;19,3;19,1;83;84;82;925,1;1,3;0;59;3,7;1500;15;9
31/03/2026;0700;18,8;19,1;18,7;84;85;83;924,4;0,5;0;464;4,88;975;8;8
31/03/2026;0800;19;19;18,5;80;85;80;924,5;0;0;446;2,87;1686;6;0
31/03/2026;0900;18,9;19,2;18,7;81;82;78;924,7;0,4;0;67;3,92;136;16;1
31/03/2026;1000;18,7;19,4;18,7;83;83;76;925,5;0,6;0;256;0,83;410;25;8
31/03/2026;1100;19,3;19,3;18,7;83;84;83;926,3;0,7;0;417;1,12;627;17;3
31/03/2026;1200;20,5;20,5;19,3;80;83;80;926,7;0,7;0;279;2,06;1519;7;1
31/03/2026;1300;20,8;21,2;20,4;74;80;74;927,1;0,8;0;227;0,21;1407;21;1
31/03/2026;1400;21;21;20,2;76;80;74;927;0,4;0;403;1,1;1087;2;1
31/03/2026;1500;23,5;24,3;21;65;76;63;926,4;1,5;0;210;4,18;458;19;0
31/03/2026;1600;25,2;25,2;23,3;64;67;57;925,5;1,1;0;286;3,13;463;25;3
31/03/2026;1700;26;26,3;24,2;56;64;56;924,6;1,5;0;442;2,97;1884;8;3
31/03/2026;1800;25,9;26,6;24,8;57;62;55;923,7;1,1;0;403;0,73;894;23;9
31/03/2026;1900;26,1;26,4;24,9;55;59;52;923;0,6;0;203;1,53;1003;22;10
31/03/2026;2000;25,3;26,1;24,8;54;58;54;923;1,4;0;124;3,22;1427;4;9
31/03/2026;2100;23,6;25,3;23,5;66;66;54;924;0,9;0;103;2,06;1897;27;6
31/03/2026;2200;22,7;23,6;22,7;70;70;66;924,5;1,4;0;305;3,28;149;26;10
31/03/2026;2300;22,1;22,7;22,1;71;73;70;925,1;1,5;0;212;0,22;1962;12;5
